Date,Hours,Day,Arrivals,Departures
Apr 1 2019,8:00 am,Mon,17,39
Apr 1 2019,9:00 am,Mon,17,28
Apr 1 2019,10:00 am,Mon,18,32
Apr 1 2019,11:00 am,Mon,28,23
Apr 1 2019,12:00 pm,Mon,28,25
Apr 1 2019,1:00 pm,Mon,30,30
Apr 1 2019,2:00 pm,Mon,31,25
Apr 1 2019,3:00 pm,Mon,28,25
Apr 1 2019,4:00 pm,Mon,38,25
Apr 1 2019,5:00 pm,Mon,32,29
Apr 1 2019,6:00 pm,Mon,38,20
Apr 1 2019,7:00 pm,Mon,25,27
Apr 1 2019,8:00 pm,Mon,30,34
Apr 1 2019,9:00 pm,Mon,25,26
Apr 1 2019,10:00 pm,Mon,44,19
Apr 1 2019,11:00 pm,Mon,21,19
Apr 10 2019,8:00 am,Wed,9,40
Apr 10 2019,9:00 am,Wed,15,31
Apr 10 2019,10:00 am,Wed,16,32
Apr 10 2019,11:00 am,Wed,11,16
Apr 10 2019,12:00 pm,Wed,38,14
Apr 10 2019,1:00 pm,Wed,36,34
Apr 10 2019,2:00 pm,Wed,28,26
Apr 10 2019,3:00 pm,Wed,28,23
Apr 10 2019,4:00 pm,Wed,35,30
Apr 10 2019,5:00 pm,Wed,31,28
Apr 10 2019,6:00 pm,Wed,37,17
Apr 10 2019,7:00 pm,Wed,26,26
Apr 10 2019,8:00 pm,Wed,31,29
Apr 10 2019,9:00 pm,Wed,23,25
Apr 10 2019,10:00 pm,Wed,39,21
Apr 10 2019,11:00 pm,Wed,22,18
Apr 11 2019,8:00 am,Thu,17,39
Apr 11 2019,9:00 am,Thu,15,30
Apr 11 2019,10:00 am,Thu,17,34
Apr 11 2019,11:00 am,Thu,27,23
Apr 11 2019,12:00 pm,Thu,26,23
Apr 11 2019,1:00 pm,Thu,27,31
Apr 11 2019,2:00 pm,Thu,33,25
Apr 11 2019,3:00 pm,Thu,25,24
Apr 11 2019,4:00 pm,Thu,34,27
Apr 11 2019,5:00 pm,Thu,32,25
Apr 11 2019,6:00 pm,Thu,31,27
Apr 11 2019,7:00 pm,Thu,25,22
Apr 11 2019,8:00 pm,Thu,33,30
Apr 11 2019,9:00 pm,Thu,26,25
Apr 11 2019,10:00 pm,Thu,37,27
Apr 11 2019,11:00 pm,Thu,26,23
Apr 12 2019,8:00 am,Fri,15,43
Apr 12 2019,9:00 am,Fri,14,29
Apr 12 2019,10:00 am,Fri,25,32
Apr 12 2019,11:00 am,Fri,28,23
Apr 12 2019,12:00 pm,Fri,29,26
Apr 12 2019,1:00 pm,Fri,30,31
Apr 12 2019,2:00 pm,Fri,27,25
Apr 12 2019,3:00 pm,Fri,28,30
Apr 12 2019,4:00 pm,Fri,42,26
Apr 12 2019,5:00 pm,Fri,29,32
Apr 12 2019,6:00 pm,Fri,39,30
Apr 12 2019,7:00 pm,Fri,30,25
Apr 12 2019,8:00 pm,Fri,29,31
Apr 12 2019,9:00 pm,Fri,27,22
Apr 12 2019,10:00 pm,Fri,39,23
Apr 12 2019,11:00 pm,Fri,28,24
Apr 14 2019,8:00 am,Sun,15,40
Apr 14 2019,9:00 am,Sun,16,27
Apr 14 2019,10:00 am,Sun,19,33
Apr 14 2019,11:00 am,Sun,17,19
Apr 14 2019,12:00 pm,Sun,30,21
Apr 14 2019,1:00 pm,Sun,30,35
Apr 14 2019,2:00 pm,Sun,35,27
Apr 14 2019,3:00 pm,Sun,35,25
Apr 14 2019,4:00 pm,Sun,41,23
Apr 14 2019,5:00 pm,Sun,32,30
Apr 14 2019,6:00 pm,Sun,41,27
Apr 14 2019,7:00 pm,Sun,29,27
Apr 14 2019,8:00 pm,Sun,29,34
Apr 14 2019,9:00 pm,Sun,28,20
Apr 14 2019,10:00 pm,Sun,37,23
Apr 14 2019,11:00 pm,Sun,27,21
Apr 15 2019,8:00 am,Mon,16,37
Apr 15 2019,9:00 am,Mon,15,29
Apr 15 2019,10:00 am,Mon,18,32
Apr 15 2019,11:00 am,Mon,27,21
Apr 15 2019,12:00 pm,Mon,25,23
Apr 15 2019,1:00 pm,Mon,27,30
Apr 15 2019,2:00 pm,Mon,32,25
Apr 15 2019,3:00 pm,Mon,27,24
Apr 15 2019,4:00 pm,Mon,37,22
Apr 15 2019,5:00 pm,Mon,36,27
Apr 15 2019,6:00 pm,Mon,36,18
Apr 15 2019,7:00 pm,Mon,24,27
Apr 15 2019,8:00 pm,Mon,28,33
Apr 15 2019,9:00 pm,Mon,26,26
Apr 15 2019,10:00 pm,Mon,40,20
Apr 15 2019,11:00 pm,Mon,23,19
Apr 16 2019,8:00 am,Tue,19,37
Apr 16 2019,9:00 am,Tue,16,29
Apr 16 2019,10:00 am,Tue,13,36
Apr 16 2019,11:00 am,Tue,31,17
Apr 16 2019,12:00 pm,Tue,29,20
Apr 16 2019,1:00 pm,Tue,33,31
Apr 16 2019,2:00 pm,Tue,34,27
Apr 16 2019,3:00 pm,Tue,28,30
Apr 16 2019,4:00 pm,Tue,32,28
Apr 16 2019,5:00 pm,Tue,29,25
Apr 16 2019,6:00 pm,Tue,36,21
Apr 16 2019,7:00 pm,Tue,20,27
Apr 16 2019,8:00 pm,Tue,32,31
Apr 16 2019,9:00 pm,Tue,27,26
Apr 16 2019,10:00 pm,Tue,34,21
Apr 16 2019,11:00 pm,Tue,25,17
Apr 17 2019,8:00 am,Wed,13,39
Apr 17 2019,9:00 am,Wed,15,33
Apr 17 2019,10:00 am,Wed,14,31
Apr 17 2019,11:00 am,Wed,30,22
Apr 17 2019,12:00 pm,Wed,31,22
Apr 17 2019,1:00 pm,Wed,28,31
Apr 17 2019,2:00 pm,Wed,27,25
Apr 17 2019,3:00 pm,Wed,30,30
Apr 17 2019,4:00 pm,Wed,34,29
Apr 17 2019,5:00 pm,Wed,29,30
Apr 17 2019,6:00 pm,Wed,47,22
Apr 17 2019,7:00 pm,Wed,24,27
Apr 17 2019,8:00 pm,Wed,29,30
Apr 17 2019,9:00 pm,Wed,26,26
Apr 17 2019,10:00 pm,Wed,36,22
Apr 17 2019,11:00 pm,Wed,24,21
Apr 18 2019,8:00 am,Thu,18,38
Apr 18 2019,9:00 am,Thu,17,31
Apr 18 2019,10:00 am,Thu,13,32
Apr 18 2019,11:00 am,Thu,30,23
Apr 18 2019,12:00 pm,Thu,25,24
Apr 18 2019,1:00 pm,Thu,27,30
Apr 18 2019,2:00 pm,Thu,34,25
Apr 18 2019,3:00 pm,Thu,29,24
Apr 18 2019,4:00 pm,Thu,35,25
Apr 18 2019,5:00 pm,Thu,28,26
Apr 18 2019,6:00 pm,Thu,40,28
Apr 18 2019,7:00 pm,Thu,22,24
Apr 18 2019,8:00 pm,Thu,34,32
Apr 18 2019,9:00 pm,Thu,26,26
Apr 18 2019,10:00 pm,Thu,35,26
Apr 18 2019,11:00 pm,Thu,23,19
Apr 19 2019,8:00 am,Fri,18,44
Apr 19 2019,9:00 am,Fri,17,29
Apr 19 2019,10:00 am,Fri,15,30
Apr 19 2019,11:00 am,Fri,28,21
Apr 19 2019,12:00 pm,Fri,32,29
Apr 19 2019,1:00 pm,Fri,29,33
Apr 19 2019,2:00 pm,Fri,30,25
Apr 19 2019,3:00 pm,Fri,27,25
Apr 19 2019,4:00 pm,Fri,40,28
Apr 19 2019,5:00 pm,Fri,34,28
Apr 19 2019,6:00 pm,Fri,41,29
Apr 19 2019,7:00 pm,Fri,32,27
Apr 19 2019,8:00 pm,Fri,30,36
Apr 19 2019,9:00 pm,Fri,31,23
Apr 19 2019,10:00 pm,Fri,36,20
Apr 19 2019,11:00 pm,Fri,25,13
Apr 22 2019,8:00 am,Mon,13,37
Apr 22 2019,9:00 am,Mon,14,28
Apr 22 2019,10:00 am,Mon,22,33
Apr 22 2019,11:00 am,Mon,28,22
Apr 22 2019,12:00 pm,Mon,26,24
Apr 22 2019,1:00 pm,Mon,24,30
Apr 22 2019,2:00 pm,Mon,31,25
Apr 22 2019,3:00 pm,Mon,27,24
Apr 22 2019,4:00 pm,Mon,36,25
Apr 22 2019,5:00 pm,Mon,37,29
Apr 22 2019,6:00 pm,Mon,33,20
Apr 22 2019,7:00 pm,Mon,27,21
Apr 22 2019,8:00 pm,Mon,28,32
Apr 22 2019,10:00 pm,Mon,24,24
Apr 22 2019,10:00 pm,Mon,40,21
Apr 22 2019,11:00 pm,Mon,25,20
Apr 23 2019,8:00 am,Tue,12,35
Apr 23 2019,9:00 am,Tue,19,28
Apr 23 2019,10:00 am,Tue,10,31
Apr 23 2019,11:00 am,Tue,34,21
Apr 23 2019,12:00 pm,Tue,29,21
Apr 23 2019,1:00 pm,Tue,27,30
Apr 23 2019,2:00 pm,Tue,33,27
Apr 23 2019,3:00 pm,Tue,22,26
Apr 23 2019,4:00 pm,Tue,34,27
Apr 23 2019,5:00 pm,Tue,30,26
Apr 23 2019,6:00 pm,Tue,32,22
Apr 23 2019,7:00 pm,Tue,23,23
Apr 23 2019,8:00 pm,Tue,32,29
Apr 23 2019,9:00 pm,Tue,26,26
Apr 23 2019,10:00 pm,Tue,34,22
Apr 23 2019,11:00 pm,Tue,28,19
Apr 24 2019,8:00 am,Wed,12,39
Apr 24 2019,9:00 am,Wed,17,31
Apr 24 2019,10:00 am,Wed,11,30
Apr 24 2019,11:00 am,Wed,29,21
Apr 24 2019,12:00 pm,Wed,30,23
Apr 24 2019,1:00 pm,Wed,25,32
Apr 24 2019,2:00 pm,Wed,28,26
Apr 24 2019,3:00 pm,Wed,32,24
Apr 25 2019,8:00 am,Thu,12,38
Apr 25 2019,9:00 am,Thu,17,31
Apr 25 2019,10:00 am,Thu,10,35
Apr 25 2019,11:00 am,Thu,31,24
Apr 25 2019,12:00 pm,Thu,27,24
Apr 25 2019,1:00 pm,Thu,31,29
Apr 25 2019,2:00 pm,Thu,32,25
Apr 25 2019,3:00 pm,Thu,24,25
Apr 25 2019,4:00 pm,Thu,35,26
Apr 25 2019,5:00 pm,Thu,31,27
Apr 25 2019,6:00 pm,Thu,35,25
Apr 25 2019,7:00 pm,Thu,22,21
Apr 25 2019,8:00 pm,Thu,33,30
Apr 25 2019,9:00 pm,Thu,21,25
Apr 25 2019,10:00 pm,Thu,36,25
Apr 25 2019,11:00 pm,Thu,23,23
Apr 26 2019,8:00 am,Fri,19,43
Apr 26 2019,9:00 am,Fri,16,30
Apr 26 2019,10:00 am,Fri,20,32
Apr 26 2019,11:00 am,Fri,28,21
Apr 26 2019,12:00 pm,Fri,31,26
Apr 26 2019,1:00 pm,Fri,31,31
Apr 26 2019,2:00 pm,Fri,31,25
Apr 26 2019,3:00 pm,Fri,25,26
Apr 26 2019,4:00 pm,Fri,37,30
Apr 26 2019,5:00 pm,Fri,35,29
Apr 26 2019,6:00 pm,Fri,36,29
Apr 26 2019,7:00 pm,Fri,34,26
Apr 26 2019,8:00 pm,Fri,28,32
Apr 26 2019,9:00 pm,Fri,25,22
Apr 26 2019,10:00 pm,Fri,35,23
Apr 26 2019,11:00 pm,Fri,28,25
Apr 27 2019,8:00 am,Sat,19,37
Apr 27 2019,9:00 am,Sat,17,32
Apr 27 2019,10:00 am,Sat,17,32
Apr 27 2019,11:00 am,Sat,27,23
Apr 27 2019,12:00 pm,Sat,27,27
Apr 27 2019,1:00 pm,Sat,25,32
Apr 27 2019,2:00 pm,Sat,29,25
Apr 27 2019,3:00 pm,Sat,26,25
Apr 27 2019,4:00 pm,Sat,38,24
Apr 27 2019,5:00 pm,Sat,27,27
Apr 27 2019,6:00 pm,Sat,37,24
Apr 27 2019,7:00 pm,Sat,25,20
Apr 27 2019,8:00 pm,Sat,38,32
Apr 27 2019,9:00 pm,Sat,22,25
Apr 27 2019,10:00 pm,Sat,39,24
Apr 27 2019,11:00 pm,Sat,21,23
Apr 28 2019,8:00 am,Sun,17,36
Apr 28 2019,9:00 am,Sun,14,28
Apr 28 2019,10:00 am,Sun,14,30
Apr 28 2019,11:00 am,Sun,29,22
Apr 28 2019,12:00 pm,Sun,32,27
Apr 28 2019,1:00 pm,Sun,31,31
Apr 28 2019,2:00 pm,Sun,28,27
Apr 28 2019,3:00 pm,Sun,26,30
Apr 28 2019,4:00 pm,Sun,45,22
Apr 28 2019,5:00 pm,Sun,29,30
Apr 28 2019,6:00 pm,Sun,37,29
Apr 28 2019,7:00 pm,Sun,31,25
Apr 28 2019,8:00 pm,Sun,31,33
Apr 28 2019,9:00 pm,Sun,28,23
Apr 28 2019,10:00 pm,Sun,39,19
Apr 28 2019,11:00 pm,Sun,26,18
Apr 3 2019,8:00 am,Wed,12,40
Apr 3 2019,9:00 am,Wed,19,32
Apr 3 2019,10:00 am,Wed,13,31
Apr 3 2019,11:00 am,Wed,28,21
Apr 3 2019,12:00 pm,Wed,29,22
Apr 3 2019,1:00 pm,Wed,27,29
Apr 3 2019,2:00 pm,Wed,29,20
Apr 3 2019,3:00 pm,Wed,27,18
Apr 3 2019,4:00 pm,Wed,40,30
Apr 3 2019,5:00 pm,Wed,30,25
Apr 3 2019,6:00 pm,Wed,42,15
Apr 3 2019,7:00 pm,Wed,24,27
Apr 3 2019,8:00 pm,Wed,29,30
Apr 3 2019,9:00 pm,Wed,24,21
Apr 3 2019,10:00 pm,Wed,40,18
Apr 3 2019,11:00 pm,Wed,17,19
Apr 30 2019,8:00 am,Tue,19,40
Apr 30 2019,9:00 am,Tue,15,34
Apr 30 2019,10:00 am,Tue,23,28
Apr 30 2019,11:00 am,Tue,29,17
Apr 30 2019,12:00 pm,Tue,24,24
Apr 30 2019,1:00 pm,Tue,32,28
Apr 30 2019,2:00 pm,Tue,22,25
Apr 30 2019,3:00 pm,Tue,28,29
Apr 30 2019,4:00 pm,Tue,37,25
Apr 30 2019,5:00 pm,Tue,25,20
Apr 30 2019,6:00 pm,Tue,32,21
Apr 30 2019,7:00 pm,Tue,22,23
Apr 30 2019,8:00 pm,Tue,35,28
Apr 30 2019,9:00 pm,Tue,28,25
Apr 30 2019,10:00 pm,Tue,29,21
Apr 30 2019,11:00 pm,Tue,18,19
Apr 4 2019,8:00 am,Thu,14,38
Apr 4 2019,9:00 am,Thu,15,31
Apr 4 2019,10:00 am,Thu,18,34
Apr 4 2019,11:00 am,Thu,27,21
Apr 4 2019,12:00 pm,Thu,26,22
Apr 4 2019,1:00 pm,Thu,29,27
Apr 4 2019,2:00 pm,Thu,29,22
Apr 4 2019,3:00 pm,Thu,20,30
Apr 4 2019,4:00 pm,Thu,36,28
Apr 4 2019,5:00 pm,Thu,32,24
Apr 4 2019,6:00 pm,Thu,33,21
Apr 4 2019,7:00 pm,Thu,22,22
Apr 4 2019,8:00 pm,Thu,36,30
Apr 4 2019,9:00 pm,Thu,24,23
Apr 4 2019,10:00 pm,Thu,38,21
Apr 4 2019,11:00 pm,Thu,20,21
Apr 5 2019,8:00 am,Fri,14,43
Apr 5 2019,9:00 am,Fri,18,29
Apr 5 2019,10:00 am,Fri,21,32
Apr 5 2019,11:00 am,Fri,31,24
Apr 5 2019,12:00 pm,Fri,29,24
Apr 5 2019,1:00 pm,Fri,31,33
Apr 5 2019,2:00 pm,Fri,30,25
Apr 5 2019,3:00 pm,Fri,24,30
Apr 5 2019,4:00 pm,Fri,36,27
Apr 5 2019,5:00 pm,Fri,35,29
Apr 5 2019,6:00 pm,Fri,38,29
Apr 5 2019,7:00 pm,Fri,29,27
Apr 5 2019,8:00 pm,Fri,29,34
Apr 5 2019,9:00 pm,Fri,26,23
Apr 5 2019,10:00 pm,Fri,41,22
Apr 5 2019,11:00 pm,Fri,25,21
Apr 7 2019,8:00 am,Sun,18,40
Apr 7 2019,9:00 am,Sun,16,28
Apr 7 2019,10:00 am,Sun,16,33
Apr 7 2019,11:00 am,Sun,30,22
Apr 7 2019,12:00 pm,Sun,31,24
Apr 7 2019,1:00 pm,Sun,28,32
Apr 7 2019,2:00 pm,Sun,27,27
Apr 7 2019,3:00 pm,Sun,28,25
Apr 7 2019,4:00 pm,Sun,44,25
Apr 7 2019,5:00 pm,Sun,32,31
Apr 7 2019,6:00 pm,Sun,35,29
Apr 7 2019,7:00 pm,Sun,31,27
Apr 7 2019,8:00 pm,Sun,30,34
Apr 7 2019,9:00 pm,Sun,27,22
Apr 7 2019,10:00 pm,Sun,39,23
Apr 7 2019,11:00 pm,Sun,23,23
Apr 9 2019,8:00 am,Tue,16,35
Apr 9 2019,9:00 am,Tue,16,30
Apr 9 2019,10:00 am,Tue,14,31
Apr 9 2019,11:00 am,Tue,29,20
Apr 9 2019,12:00 pm,Tue,29,22
Apr 9 2019,1:00 pm,Tue,26,30
Apr 9 2019,2:00 pm,Tue,34,25
Apr 9 2019,3:00 pm,Tue,21,27
Apr 9 2019,4:00 pm,Tue,36,26
Apr 9 2019,5:00 pm,Tue,33,26
Apr 9 2019,6:00 pm,Tue,32,23
Apr 9 2019,7:00 pm,Tue,22,26
Apr 9 2019,8:00 pm,Tue,33,30
Apr 9 2019,9:00 pm,Tue,29,26
Apr 9 2019,10:00 pm,Tue,33,20
Apr 9 2019,11:00 pm,Tue,26,18
Jul 1 2019,8:00 am,Mon,11,38
Jul 1 2019,9:00 am,Mon,17,29
Jul 1 2019,10:00 am,Mon,20,35
Jul 1 2019,11:00 am,Mon,28,21
Jul 1 2019,12:00 pm,Mon,28,25
Jul 1 2019,1:00 pm,Mon,39,30
Jul 1 2019,2:00 pm,Mon,24,24
Jul 1 2019,3:00 pm,Mon,28,23
Jul 1 2019,4:00 pm,Mon,36,23
Jul 1 2019,5:00 pm,Mon,37,29
Jul 1 2019,6:00 pm,Mon,32,18
Jul 1 2019,7:00 pm,Mon,28,24
Jul 1 2019,8:00 pm,Mon,26,34
Jul 1 2019,9:00 pm,Mon,24,26
Jul 1 2019,10:00 pm,Mon,37,18
Jul 1 2019,11:00 pm,Mon,23,23
Jul 10 2019,8:00 am,Wed,14,38
Jul 10 2019,9:00 am,Wed,17,33
Jul 10 2019,10:00 am,Wed,16,36
Jul 10 2019,11:00 am,Wed,28,20
Jul 10 2019,12:00 pm,Wed,29,24
Jul 10 2019,1:00 pm,Wed,28,32
Jul 10 2019,2:00 pm,Wed,32,25
Jul 10 2019,3:00 pm,Wed,28,20
Jul 10 2019,4:00 pm,Wed,32,32
Jul 10 2019,5:00 pm,Wed,31,27
Jul 10 2019,6:00 pm,Wed,42,20
Jul 10 2019,7:00 pm,Wed,28,24
Jul 10 2019,8:00 pm,Wed,26,33
Jul 10 2019,9:00 pm,Wed,22,25
Jul 10 2019,10:00 pm,Wed,38,18
Jul 10 2019,11:00 pm,Wed,23,24
Jul 11 2019,8:00 am,Thu,12,38
Jul 11 2019,9:00 am,Thu,16,31
Jul 11 2019,10:00 am,Thu,17,34
Jul 11 2019,11:00 am,Thu,28,23
Jul 11 2019,12:00 pm,Thu,27,24
Jul 11 2019,1:00 pm,Thu,31,29
Jul 11 2019,2:00 pm,Thu,31,25
Jul 11 2019,3:00 pm,Thu,25,24
Jul 11 2019,4:00 pm,Thu,33,25
Jul 11 2019,5:00 pm,Thu,25,25
Jul 11 2019,6:00 pm,Thu,42,27
Jul 11 2019,7:00 pm,Thu,25,24
Jul 11 2019,8:00 pm,Thu,34,30
Jul 11 2019,9:00 pm,Thu,25,27
Jul 11 2019,10:00 pm,Thu,38,19
Jul 11 2019,11:00 pm,Thu,23,25
Jul 13 2019,8:00 am,Sat,15,26
Jul 13 2019,9:00 am,Sat,16,30
Jul 13 2019,10:00 am,Sat,21,34
Jul 13 2019,11:00 am,Sat,28,24
Jul 13 2019,12:00 pm,Sat,23,28
Jul 13 2019,1:00 pm,Sat,27,30
Jul 13 2019,2:00 pm,Sat,29,23
Jul 13 2019,3:00 pm,Sat,25,25
Jul 13 2019,4:00 pm,Sat,35,21
Jul 13 2019,5:00 pm,Sat,29,25
Jul 13 2019,6:00 pm,Sat,19,21
Jul 13 2019,7:00 pm,Sat,34,18
Jul 13 2019,8:00 pm,Sat,32,32
Jul 13 2019,9:00 pm,Sat,33,27
Jul 13 2019,10:00 pm,Sat,30,20
Jul 13 2019,11:00 pm,Sat,26,23
Jul 14 2019,8:00 am,Sun,12,40
Jul 14 2019,9:00 am,Sun,17,29
Jul 14 2019,10:00 am,Sun,20,32
Jul 14 2019,11:00 am,Sun,29,25
Jul 14 2019,12:00 pm,Sun,27,28
Jul 14 2019,1:00 pm,Sun,31,33
Jul 14 2019,2:00 pm,Sun,29,27
Jul 14 2019,3:00 pm,Sun,23,25
Jul 14 2019,4:00 pm,Sun,41,27
Jul 14 2019,5:00 pm,Sun,33,24
Jul 14 2019,6:00 pm,Sun,36,28
Jul 14 2019,7:00 pm,Sun,28,26
Jul 14 2019,8:00 pm,Sun,29,32
Jul 14 2019,9:00 pm,Sun,23,24
Jul 14 2019,10:00 pm,Sun,38,22
Jul 14 2019,11:00 pm,Sun,28,24
Jul 17 2019,8:00 am,Wed,12,39
Jul 17 2019,9:00 am,Wed,19,32
Jul 17 2019,10:00 am,Wed,18,33
Jul 17 2019,11:00 am,Wed,29,22
Jul 17 2019,12:00 pm,Wed,29,25
Jul 17 2019,1:00 pm,Wed,30,31
Jul 17 2019,2:00 pm,Wed,31,25
Jul 17 2019,3:00 pm,Wed,27,20
Jul 17 2019,4:00 pm,Wed,34,30
Jul 17 2019,5:00 pm,Wed,32,27
Jul 17 2019,6:00 pm,Wed,39,20
Jul 17 2019,7:00 pm,Wed,29,24
Jul 17 2019,8:00 pm,Wed,27,31
Jul 17 2019,9:00 pm,Wed,21,23
Jul 17 2019,10:00 pm,Wed,34,17
Jul 17 2019,11:00 pm,Wed,24,21
Jul 19 2019,8:00 am,Fri,13,44
Jul 19 2019,9:00 am,Fri,16,27
Jul 19 2019,10:00 am,Fri,22,32
Jul 19 2019,11:00 am,Fri,26,24
Jul 19 2019,12:00 pm,Fri,28,26
Jul 19 2019,1:00 pm,Fri,34,31
Jul 19 2019,2:00 pm,Fri,33,24
Jul 19 2019,3:00 pm,Fri,20,26
Jul 19 2019,4:00 pm,Fri,35,29
Jul 19 2019,5:00 pm,Fri,37,26
Jul 19 2019,6:00 pm,Fri,33,24
Jul 19 2019,7:00 pm,Fri,26,25
Jul 19 2019,8:00 pm,Fri,29,31
Jul 19 2019,9:00 pm,Fri,22,22
Jul 19 2019,10:00 pm,Fri,37,21
Jul 19 2019,11:00 pm,Fri,29,25
Jul 2 2019,8:00 am,Tue,16,36
Jul 2 2019,9:00 am,Tue,15,29
Jul 2 2019,10:00 am,Tue,19,32
Jul 2 2019,11:00 am,Tue,28,23
Jul 2 2019,12:00 pm,Tue,28,21
Jul 2 2019,1:00 pm,Tue,31,29
Jul 2 2019,2:00 pm,Tue,31,27
Jul 2 2019,3:00 pm,Tue,21,28
Jul 2 2019,4:00 pm,Tue,34,23
Jul 2 2019,5:00 pm,Tue,27,29
Jul 2 2019,6:00 pm,Tue,30,18
Jul 2 2019,7:00 pm,Tue,24,24
Jul 2 2019,8:00 pm,Tue,26,34
Jul 2 2019,9:00 pm,Tue,27,26
Jul 2 2019,10:00 pm,Tue,34,18
Jul 2 2019,11:00 pm,Tue,25,23
Jul 22 2019,8:00 am,Mon,16,36
Jul 22 2019,9:00 am,Mon,14,30
Jul 22 2019,10:00 am,Mon,21,36
Jul 22 2019,11:00 am,Mon,28,21
Jul 22 2019,12:00 pm,Mon,29,25
Jul 22 2019,1:00 pm,Mon,30,30
Jul 22 2019,2:00 pm,Mon,32,25
Jul 22 2019,3:00 pm,Mon,26,23
Jul 22 2019,4:00 pm,Mon,38,24
Jul 22 2019,5:00 pm,Mon,28,29
Jul 22 2019,6:00 pm,Mon,35,20
Jul 22 2019,7:00 pm,Mon,29,23
Jul 22 2019,8:00 pm,Mon,27,31
Jul 22 2019,10:00 pm,Mon,23,25
Jul 22 2019,10:00 pm,Mon,38,16
Jul 22 2019,11:00 pm,Mon,22,20
Jul 23 2019,8:00 am,Tue,12,34
Jul 23 2019,9:00 am,Tue,15,27
Jul 23 2019,10:00 am,Tue,16,35
Jul 23 2019,11:00 am,Tue,27,20
Jul 23 2019,12:00 pm,Tue,25,22
Jul 23 2019,1:00 pm,Tue,29,29
Jul 23 2019,2:00 pm,Tue,32,26
Jul 23 2019,3:00 pm,Tue,18,27
Jul 23 2019,4:00 pm,Tue,30,26
Jul 23 2019,5:00 pm,Tue,28,26
Jul 23 2019,6:00 pm,Tue,32,20
Jul 23 2019,7:00 pm,Tue,23,22
Jul 23 2019,8:00 pm,Tue,29,28
Jul 23 2019,9:00 pm,Tue,24,25
Jul 23 2019,10:00 pm,Tue,34,18
Jul 23 2019,11:00 pm,Tue,26,21
Jul 24 2019,8:00 am,Wed,9,39
Jul 24 2019,9:00 am,Wed,17,33
Jul 24 2019,10:00 am,Wed,17,34
Jul 24 2019,11:00 am,Wed,26,20
Jul 24 2019,12:00 pm,Wed,28,24
Jul 24 2019,1:00 pm,Wed,30,31
Jul 24 2019,2:00 pm,Wed,31,25
Jul 24 2019,3:00 pm,Wed,27,21
Jul 24 2019,4:00 pm,Wed,43,30
Jul 24 2019,5:00 pm,Wed,28,27
Jul 24 2019,6:00 pm,Wed,39,19
Jul 24 2019,7:00 pm,Wed,29,24
Jul 24 2019,8:00 pm,Wed,26,31
Jul 24 2019,9:00 pm,Wed,20,25
Jul 24 2019,10:00 pm,Wed,40,16
Jul 24 2019,11:00 pm,Wed,21,28
Jul 25 2019,8:00 am,Thu,15,38
Jul 25 2019,9:00 am,Thu,15,31
Jul 25 2019,10:00 am,Thu,15,36
Jul 25 2019,11:00 am,Thu,28,23
Jul 25 2019,12:00 pm,Thu,26,24
Jul 25 2019,1:00 pm,Thu,33,29
Jul 25 2019,2:00 pm,Thu,30,26
Jul 25 2019,3:00 pm,Thu,23,23
Jul 25 2019,4:00 pm,Thu,37,25
Jul 25 2019,5:00 pm,Thu,29,25
Jul 25 2019,6:00 pm,Thu,32,24
Jul 25 2019,7:00 pm,Thu,28,23
Jul 25 2019,8:00 pm,Thu,33,30
Jul 25 2019,9:00 pm,Thu,23,26
Jul 25 2019,10:00 pm,Thu,41,22
Jul 25 2019,11:00 pm,Thu,24,25
Jul 26 2019,8:00 am,Fri,12,43
Jul 26 2019,9:00 am,Fri,16,28
Jul 26 2019,10:00 am,Fri,20,32
Jul 26 2019,11:00 am,Fri,31,22
Jul 26 2019,12:00 pm,Fri,24,27
Jul 26 2019,1:00 pm,Fri,35,31
Jul 26 2019,2:00 pm,Fri,29,26
Jul 26 2019,3:00 pm,Fri,23,26
Jul 26 2019,4:00 pm,Fri,31,29
Jul 26 2019,5:00 pm,Fri,34,24
Jul 26 2019,6:00 pm,Fri,31,28
Jul 26 2019,7:00 pm,Fri,35,25
Jul 26 2019,8:00 pm,Fri,29,31
Jul 26 2019,9:00 pm,Fri,25,23
Jul 26 2019,10:00 pm,Fri,35,21
Jul 26 2019,11:00 pm,Fri,28,25
Jul 28 2019,8:00 am,Sun,14,39
Jul 28 2019,9:00 am,Sun,16,28
Jul 28 2019,10:00 am,Sun,25,31
Jul 28 2019,11:00 am,Sun,30,23
Jul 28 2019,12:00 pm,Sun,22,26
Jul 28 2019,1:00 pm,Sun,34,31
Jul 28 2019,2:00 pm,Sun,28,27
Jul 28 2019,3:00 pm,Sun,26,25
Jul 28 2019,4:00 pm,Sun,41,27
Jul 28 2019,5:00 pm,Sun,34,27
Jul 28 2019,6:00 pm,Sun,29,26
Jul 28 2019,7:00 pm,Sun,29,26
Jul 28 2019,8:00 pm,Sun,31,32
Jul 28 2019,9:00 pm,Sun,26,23
Jul 28 2019,10:00 pm,Sun,38,22
Jul 28 2019,11:00 pm,Sun,29,24
Jul 29 2019,8:00 am,Mon,10,36
Jul 29 2019,9:00 am,Mon,16,30
Jul 29 2019,10:00 am,Mon,21,33
Jul 29 2019,11:00 am,Mon,26,22
Jul 29 2019,12:00 pm,Mon,25,25
Jul 29 2019,1:00 pm,Mon,30,31
Jul 29 2019,2:00 pm,Mon,32,24
Jul 29 2019,3:00 pm,Mon,30,23
Jul 29 2019,4:00 pm,Mon,40,25
Jul 29 2019,5:00 pm,Mon,32,30
Jul 29 2019,6:00 pm,Mon,33,21
Jul 29 2019,7:00 pm,Mon,26,24
Jul 29 2019,8:00 pm,Mon,26,30
Jul 29 2019,9:00 pm,Mon,22,26
Jul 29 2019,10:00 pm,Mon,42,16
Jul 29 2019,11:00 pm,Mon,24,20
Jul 3 2019,8:00 am,Wed,16,39
Jul 3 2019,9:00 am,Wed,16,33
Jul 3 2019,10:00 am,Wed,17,32
Jul 3 2019,11:00 am,Wed,28,20
Jul 3 2019,12:00 pm,Wed,30,22
Jul 3 2019,1:00 pm,Wed,30,31
Jul 3 2019,2:00 pm,Wed,29,24
Jul 3 2019,3:00 pm,Wed,25,22
Jul 3 2019,4:00 pm,Wed,37,27
Jul 3 2019,5:00 pm,Wed,30,29
Jul 3 2019,6:00 pm,Wed,34,20
Jul 3 2019,7:00 pm,Wed,26,23
Jul 3 2019,8:00 pm,Wed,27,33
Jul 3 2019,9:00 pm,Wed,21,22
Jul 3 2019,10:00 pm,Wed,40,18
Jul 3 2019,11:00 pm,Wed,21,20
Jul 30 2019,8:00 am,Tue,12,34
Jul 30 2019,9:00 am,Tue,15,30
Jul 30 2019,10:00 am,Tue,14,33
Jul 30 2019,11:00 am,Tue,31,21
Jul 30 2019,12:00 pm,Tue,25,22
Jul 30 2019,1:00 pm,Tue,29,29
Jul 30 2019,2:00 pm,Tue,32,26
Jul 30 2019,3:00 pm,Tue,22,27
Jul 30 2019,4:00 pm,Tue,36,27
Jul 30 2019,5:00 pm,Tue,22,25
Jul 30 2019,6:00 pm,Tue,37,19
Jul 30 2019,7:00 pm,Tue,21,23
Jul 30 2019,8:00 pm,Tue,33,28
Jul 30 2019,9:00 pm,Tue,27,27
Jul 30 2019,10:00 pm,Tue,34,18
Jul 30 2019,11:00 pm,Tue,28,20
Jul 31 2019,8:00 am,Wed,16,36
Jul 31 2019,9:00 am,Wed,15,31
Jul 31 2019,10:00 am,Wed,17,37
Jul 31 2019,11:00 am,Wed,24,19
Jul 31 2019,12:00 pm,Wed,30,25
Jul 31 2019,1:00 pm,Wed,26,30
Jul 31 2019,2:00 pm,Wed,34,25
Jul 31 2019,3:00 pm,Wed,25,22
Jul 31 2019,4:00 pm,Wed,38,32
Jul 31 2019,5:00 pm,Wed,26,25
Jul 31 2019,6:00 pm,Wed,36,17
Jul 31 2019,7:00 pm,Wed,28,24
Jul 31 2019,8:00 pm,Wed,26,30
Jul 31 2019,9:00 pm,Wed,22,25
Jul 31 2019,10:00 pm,Wed,36,16
Jul 31 2019,11:00 pm,Wed,25,21
Jul 4 2019,8:00 am,Thu,11,36
Jul 4 2019,9:00 am,Thu,20,33
Jul 4 2019,10:00 am,Thu,16,34
Jul 4 2019,11:00 am,Thu,27,24
Jul 4 2019,12:00 pm,Thu,29,22
Jul 4 2019,1:00 pm,Thu,30,32
Jul 4 2019,2:00 pm,Thu,29,24
Jul 4 2019,3:00 pm,Thu,22,23
Jul 4 2019,4:00 pm,Thu,33,24
Jul 4 2019,5:00 pm,Thu,30,27
Jul 4 2019,6:00 pm,Thu,31,23
Jul 4 2019,7:00 pm,Thu,28,21
Jul 4 2019,8:00 pm,Thu,33,30
Jul 4 2019,9:00 pm,Thu,25,22
Jul 4 2019,10:00 pm,Thu,36,18
Jul 4 2019,11:00 pm,Thu,25,23
Jul 7 2019,8:00 am,Sun,14,40
Jul 7 2019,9:00 am,Sun,18,28
Jul 7 2019,10:00 am,Sun,19,32
Jul 7 2019,11:00 am,Sun,28,22
Jul 7 2019,12:00 pm,Sun,26,25
Jul 7 2019,1:00 pm,Sun,30,32
Jul 7 2019,2:00 pm,Sun,30,24
Jul 7 2019,3:00 pm,Sun,23,24
Jul 7 2019,4:00 pm,Sun,42,25
Jul 7 2019,5:00 pm,Sun,30,26
Jul 7 2019,6:00 pm,Sun,34,25
Jul 7 2019,7:00 pm,Sun,23,24
Jul 7 2019,8:00 pm,Sun,30,31
Jul 7 2019,9:00 pm,Sun,28,20
Jul 7 2019,10:00 pm,Sun,25,22
Jul 7 2019,11:00 pm,Sun,22,20
Jul 8 2019,8:00 am,Mon,13,36
Jul 8 2019,9:00 am,Mon,15,30
Jul 8 2019,10:00 am,Mon,21,32
Jul 8 2019,11:00 am,Mon,27,22
Jul 8 2019,12:00 pm,Mon,27,26
Jul 8 2019,1:00 pm,Mon,29,31
Jul 8 2019,2:00 pm,Mon,30,24
Jul 8 2019,3:00 pm,Mon,29,23
Jul 8 2019,4:00 pm,Mon,37,23
Jul 8 2019,5:00 pm,Mon,29,29
Jul 8 2019,6:00 pm,Mon,37,20
Jul 8 2019,7:00 pm,Mon,25,25
Jul 8 2019,8:00 pm,Mon,23,32
Jul 8 2019,9:00 pm,Mon,25,24
Jul 8 2019,10:00 pm,Mon,41,19
Jul 8 2019,11:00 pm,Mon,23,24
Jun 10 2019,8:00 am,Mon,18,36
Jun 10 2019,9:00 am,Mon,13,30
Jun 10 2019,10:00 am,Mon,20,34
Jun 10 2019,11:00 am,Mon,26,21
Jun 10 2019,12:00 pm,Mon,26,24
Jun 10 2019,1:00 pm,Mon,29,30
Jun 10 2019,2:00 pm,Mon,29,27
Jun 10 2019,3:00 pm,Mon,30,22
Jun 10 2019,4:00 pm,Mon,35,25
Jun 10 2019,5:00 pm,Mon,35,30
Jun 10 2019,6:00 pm,Mon,35,19
Jun 10 2019,7:00 pm,Mon,28,24
Jun 10 2019,8:00 pm,Mon,24,34
Jun 10 2019,9:00 pm,Mon,26,26
Jun 10 2019,10:00 pm,Mon,41,21
Jun 10 2019,11:00 pm,Mon,27,21
Jun 12 2019,8:00 am,Wed,14,49
Jun 12 2019,9:00 am,Wed,17,34
Jun 12 2019,10:00 am,Wed,16,34
Jun 12 2019,11:00 am,Wed,28,22
Jun 12 2019,12:00 pm,Wed,31,22
Jun 12 2019,1:00 pm,Wed,26,31
Jun 12 2019,2:00 pm,Wed,34,26
Jun 12 2019,3:00 pm,Wed,27,22
Jun 12 2019,4:00 pm,Wed,26,28
Jun 12 2019,5:00 pm,Wed,29,26
Jun 12 2019,6:00 pm,Wed,31,22
Jun 12 2019,7:00 pm,Wed,27,25
Jun 12 2019,8:00 pm,Wed,32,30
Jun 12 2019,9:00 pm,Wed,28,25
Jun 12 2019,10:00 pm,Wed,34,20
Jun 12 2019,11:00 pm,Wed,27,21
Jun 14 2019,8:00 am,Fri,12,41
Jun 14 2019,9:00 am,Fri,15,30
Jun 14 2019,10:00 am,Fri,19,32
Jun 14 2019,11:00 am,Fri,29,22
Jun 14 2019,12:00 pm,Fri,28,23
Jun 14 2019,1:00 pm,Fri,32,30
Jun 14 2019,2:00 pm,Fri,31,25
Jun 14 2019,3:00 pm,Fri,24,23
Jun 14 2019,4:00 pm,Fri,39,29
Jun 14 2019,5:00 pm,Fri,31,28
Jun 14 2019,6:00 pm,Fri,37,28
Jun 14 2019,7:00 pm,Fri,29,25
Jun 14 2019,8:00 pm,Fri,32,31
Jun 14 2019,9:00 pm,Fri,22,24
Jun 14 2019,10:00 pm,Fri,34,22
Jun 14 2019,11:00 pm,Fri,31,25
Jun 17 2019,8:00 am,Mon,12,37
Jun 17 2019,9:00 am,Mon,18,28
Jun 17 2019,10:00 am,Mon,20,34
Jun 17 2019,11:00 am,Mon,26,22
Jun 17 2019,12:00 pm,Mon,30,26
Jun 17 2019,1:00 pm,Mon,20,30
Jun 17 2019,2:00 pm,Mon,37,24
Jun 17 2019,3:00 pm,Mon,29,21
Jun 17 2019,4:00 pm,Mon,32,24
Jun 17 2019,5:00 pm,Mon,39,31
Jun 17 2019,6:00 pm,Mon,31,18
Jun 17 2019,7:00 pm,Mon,29,25
Jun 17 2019,8:00 pm,Mon,24,33
Jun 17 2019,9:00 pm,Mon,24,25
Jun 17 2019,10:00 pm,Mon,38,18
Jun 17 2019,11:00 pm,Mon,22,20
Jun 19 2019,8:00 am,Wed,15,41
Jun 19 2019,9:00 am,Wed,14,32
Jun 19 2019,10:00 am,Wed,16,33
Jun 19 2019,11:00 am,Wed,28,21
Jun 19 2019,12:00 pm,Wed,29,22
Jun 19 2019,1:00 pm,Wed,28,30
Jun 19 2019,2:00 pm,Wed,28,25
Jun 19 2019,3:00 pm,Wed,28,19
Jun 19 2019,4:00 pm,Wed,38,29
Jun 19 2019,5:00 pm,Wed,25,28
Jun 19 2019,6:00 pm,Wed,14,17
Jun 19 2019,7:00 pm,Wed,27,24
Jun 19 2019,8:00 pm,Wed,27,31
Jun 19 2019,9:00 pm,Wed,17,26
Jun 19 2019,10:00 pm,Wed,39,18
Jun 19 2019,11:00 pm,Wed,23,22
Jun 20 2019,8:00 am,Thu,16,39
Jun 20 2019,9:00 am,Thu,17,32
Jun 20 2019,10:00 am,Thu,14,34
Jun 20 2019,11:00 am,Thu,27,22
Jun 20 2019,12:00 pm,Thu,27,19
Jun 20 2019,1:00 pm,Thu,30,32
Jun 20 2019,2:00 pm,Thu,31,24
Jun 20 2019,3:00 pm,Thu,22,23
Jun 20 2019,4:00 pm,Thu,37,25
Jun 20 2019,5:00 pm,Thu,30,25
Jun 20 2019,6:00 pm,Thu,34,27
Jun 20 2019,7:00 pm,Thu,24,21
Jun 20 2019,8:00 pm,Thu,37,29
Jun 20 2019,9:00 pm,Thu,21,27
Jun 20 2019,10:00 pm,Thu,39,22
Jun 20 2019,11:00 pm,Thu,25,21
Jun 21 2019,8:00 am,Fri,16,41
Jun 21 2019,9:00 am,Fri,16,28
Jun 21 2019,10:00 am,Fri,20,34
Jun 21 2019,11:00 am,Fri,26,25
Jun 21 2019,12:00 pm,Fri,29,23
Jun 21 2019,1:00 pm,Fri,31,31
Jun 21 2019,2:00 pm,Fri,27,24
Jun 21 2019,3:00 pm,Fri,24,22
Jun 21 2019,4:00 pm,Fri,35,29
Jun 21 2019,5:00 pm,Fri,32,28
Jun 21 2019,6:00 pm,Fri,35,26
Jun 21 2019,7:00 pm,Fri,32,24
Jun 21 2019,8:00 pm,Fri,29,31
Jun 21 2019,9:00 pm,Fri,20,23
Jun 21 2019,10:00 pm,Fri,38,20
Jun 21 2019,11:00 pm,Fri,30,24
Jun 25 2019,8:00 am,Tue,13,38
Jun 25 2019,9:00 am,Tue,18,29
Jun 25 2019,10:00 am,Tue,14,31
Jun 25 2019,11:00 am,Tue,29,21
Jun 25 2019,12:00 pm,Tue,28,24
Jun 25 2019,1:00 pm,Tue,27,31
Jun 25 2019,2:00 pm,Tue,30,25
Jun 25 2019,3:00 pm,Tue,24,25
Jun 25 2019,4:00 pm,Tue,34,29
Jun 25 2019,5:00 pm,Tue,34,25
Jun 25 2019,6:00 pm,Tue,30,19
Jun 25 2019,7:00 pm,Tue,21,24
Jun 25 2019,8:00 pm,Tue,29,30
Jun 25 2019,9:00 pm,Tue,25,27
Jun 25 2019,10:00 pm,Tue,36,17
Jun 25 2019,11:00 pm,Tue,23,18
Jun 4 2019,8:00 am,Tue,20,36
Jun 4 2019,9:00 am,Tue,18,29
Jun 4 2019,10:00 am,Tue,15,33
Jun 4 2019,11:00 am,Tue,28,22
Jun 4 2019,12:00 pm,Tue,28,22
Jun 4 2019,1:00 pm,Tue,32,29
Jun 4 2019,2:00 pm,Tue,30,28
Jun 4 2019,3:00 pm,Tue,21,26
Jun 4 2019,4:00 pm,Tue,27,27
Jun 4 2019,5:00 pm,Tue,23,26
Jun 4 2019,6:00 pm,Tue,40,20
Jun 4 2019,7:00 pm,Tue,25,23
Jun 4 2019,8:00 pm,Tue,33,30
Jun 4 2019,9:00 pm,Tue,24,26
Jun 4 2019,10:00 pm,Tue,35,20
Jun 4 2019,11:00 pm,Tue,26,20
Jun 5 2019,8:00 am,Wed,15,40
Jun 5 2019,9:00 am,Wed,18,33
Jun 5 2019,10:00 am,Wed,15,32
Jun 5 2019,11:00 am,Wed,27,20
Jun 5 2019,12:00 pm,Wed,30,23
Jun 5 2019,1:00 pm,Wed,28,31
Jun 5 2019,2:00 pm,Wed,29,26
Jun 5 2019,3:00 pm,Wed,25,18
Jun 5 2019,4:00 pm,Wed,30,28
Jun 5 2019,5:00 pm,Wed,27,27
Jun 5 2019,6:00 pm,Wed,41,18
Jun 5 2019,7:00 pm,Wed,28,23
Jun 5 2019,8:00 pm,Wed,27,31
Jun 5 2019,9:00 pm,Wed,23,23
Jun 5 2019,10:00 pm,Wed,29,18
Jun 5 2019,11:00 pm,Wed,19,21
Jun 7 2019,8:00 am,Fri,16,41
Jun 7 2019,9:00 am,Fri,14,29
Jun 7 2019,10:00 am,Fri,19,34
Jun 7 2019,11:00 am,Fri,29,22
Jun 7 2019,12:00 pm,Fri,29,23
Jun 7 2019,1:00 pm,Fri,31,31
Jun 7 2019,2:00 pm,Fri,28,29
Jun 7 2019,3:00 pm,Fri,25,23
Jun 7 2019,4:00 pm,Fri,36,29
Jun 7 2019,5:00 pm,Fri,35,28
Jun 7 2019,6:00 pm,Fri,36,29
Jun 7 2019,7:00 pm,Fri,32,25
Jun 7 2019,8:00 pm,Fri,27,31
Jun 7 2019,9:00 pm,Fri,23,23
Jun 7 2019,10:00 pm,Fri,37,22
Jun 7 2019,11:00 pm,Fri,31,25
Mar 10 2019,8:00 am,Sun,17,36
Mar 10 2019,9:00 am,Sun,15,33
Mar 10 2019,10:00 am,Sun,19,35
Mar 10 2019,11:00 am,Sun,30,21
Mar 10 2019,12:00 pm,Sun,29,25
Mar 10 2019,1:00 pm,Sun,27,31
Mar 10 2019,2:00 pm,Sun,33,28
Mar 10 2019,3:00 pm,Sun,29,29
Mar 10 2019,4:00 pm,Sun,33,35
Mar 10 2019,5:00 pm,Sun,36,30
Mar 10 2019,6:00 pm,Sun,40,28
Mar 10 2019,7:00 pm,Sun,33,27
Mar 10 2019,8:00 pm,Sun,32,37
Mar 10 2019,9:00 pm,Sun,35,24
Mar 10 2019,10:00 pm,Sun,39,24
Mar 10 2019,11:00 pm,Sun,24,17
Mar 13 2019,8:00 am,Wed,13,41
Mar 13 2019,9:00 am,Wed,17,31
Mar 13 2019,10:00 am,Wed,14,35
Mar 13 2019,11:00 am,Wed,27,16
Mar 13 2019,12:00 pm,Wed,32,19
Mar 13 2019,1:00 pm,Wed,22,29
Mar 13 2019,2:00 pm,Wed,33,26
Mar 13 2019,3:00 pm,Wed,25,24
Mar 13 2019,4:00 pm,Wed,28,30
Mar 13 2019,5:00 pm,Wed,32,22
Mar 13 2019,6:00 pm,Wed,38,24
Mar 13 2019,7:00 pm,Wed,31,26
Mar 13 2019,8:00 pm,Wed,25,33
Mar 13 2019,9:00 pm,Wed,23,26
Mar 13 2019,10:00 pm,Wed,33,20
Mar 13 2019,11:00 pm,Wed,22,13
Mar 14 2019,8:00 am,Thu,15,38
Mar 14 2019,9:00 am,Thu,16,33
Mar 14 2019,10:00 am,Thu,12,35
Mar 14 2019,11:00 am,Thu,28,21
Mar 14 2019,12:00 pm,Thu,29,20
Mar 14 2019,1:00 pm,Thu,30,31
Mar 14 2019,2:00 pm,Thu,32,26
Mar 14 2019,3:00 pm,Thu,24,25
Mar 14 2019,4:00 pm,Thu,28,33
Mar 14 2019,5:00 pm,Thu,35,21
Mar 14 2019,6:00 pm,Thu,38,25
Mar 14 2019,7:00 pm,Thu,34,24
Mar 14 2019,8:00 pm,Thu,29,38
Mar 14 2019,9:00 pm,Thu,30,22
Mar 14 2019,10:00 pm,Thu,33,26
Mar 14 2019,11:00 pm,Thu,21,18
Mar 15 2019,8:00 am,Fri,17,40
Mar 15 2019,9:00 am,Fri,13,31
Mar 15 2019,10:00 am,Fri,17,31
Mar 15 2019,11:00 am,Fri,28,17
Mar 15 2019,12:00 pm,Fri,29,25
Mar 15 2019,1:00 pm,Fri,29,31
Mar 15 2019,2:00 pm,Fri,35,31
Mar 15 2019,3:00 pm,Fri,29,26
Mar 15 2019,4:00 pm,Fri,32,30
Mar 15 2019,5:00 pm,Fri,36,28
Mar 15 2019,6:00 pm,Fri,40,29
Mar 15 2019,7:00 pm,Fri,34,27
Mar 15 2019,8:00 pm,Fri,27,37
Mar 15 2019,9:00 pm,Fri,29,25
Mar 15 2019,10:00 pm,Fri,37,23
Mar 15 2019,11:00 pm,Fri,22,18
Mar 16 2019,8:00 am,Sat,16,37
Mar 16 2019,9:00 am,Sat,16,33
Mar 16 2019,10:00 am,Sat,21,36
Mar 16 2019,11:00 am,Sat,28,17
Mar 16 2019,12:00 pm,Sat,28,21
Mar 16 2019,1:00 pm,Sat,25,34
Mar 16 2019,2:00 pm,Sat,34,26
Mar 16 2019,3:00 pm,Sat,25,23
Mar 16 2019,4:00 pm,Sat,35,28
Mar 16 2019,5:00 pm,Sat,34,23
Mar 16 2019,6:00 pm,Sat,34,23
Mar 16 2019,7:00 pm,Sat,30,20
Mar 16 2019,8:00 pm,Sat,25,39
Mar 16 2019,9:00 pm,Sat,26,20
Mar 16 2019,10:00 pm,Sat,29,20
Mar 16 2019,11:00 pm,Sat,22,17
Mar 17 2019,8:00 am,Sun,16,34
Mar 17 2019,9:00 am,Sun,13,30
Mar 17 2019,10:00 am,Sun,18,34
Mar 17 2019,11:00 am,Sun,28,22
Mar 17 2019,12:00 pm,Sun,25,21
Mar 17 2019,1:00 pm,Sun,29,31
Mar 17 2019,2:00 pm,Sun,34,26
Mar 17 2019,3:00 pm,Sun,30,25
Mar 17 2019,4:00 pm,Sun,29,30
Mar 17 2019,5:00 pm,Sun,37,27
Mar 17 2019,6:00 pm,Sun,41,26
Mar 17 2019,7:00 pm,Sun,31,25
Mar 17 2019,8:00 pm,Sun,32,34
Mar 17 2019,9:00 pm,Sun,30,23
Mar 17 2019,10:00 pm,Sun,38,18
Mar 17 2019,11:00 pm,Sun,22,16
Mar 18 2019,8:00 am,Mon,16,32
Mar 18 2019,9:00 am,Mon,15,30
Mar 18 2019,10:00 am,Mon,14,32
Mar 18 2019,11:00 am,Mon,28,18
Mar 18 2019,12:00 pm,Mon,25,19
Mar 18 2019,1:00 pm,Mon,29,27
Mar 18 2019,2:00 pm,Mon,34,27
Mar 18 2019,3:00 pm,Mon,31,23
Mar 18 2019,4:00 pm,Mon,26,28
Mar 18 2019,5:00 pm,Mon,39,25
Mar 18 2019,6:00 pm,Mon,36,23
Mar 18 2019,7:00 pm,Mon,32,27
Mar 18 2019,8:00 pm,Mon,24,31
Mar 18 2019,9:00 pm,Mon,23,24
Mar 18 2019,10:00 pm,Mon,35,16
Mar 18 2019,11:00 pm,Mon,27,14
Mar 19 2019,8:00 am,Tue,17,37
Mar 19 2019,9:00 am,Tue,15,34
Mar 19 2019,10:00 am,Tue,16,35
Mar 19 2019,11:00 am,Tue,28,18
Mar 19 2019,12:00 pm,Tue,27,20
Mar 19 2019,1:00 pm,Tue,32,29
Mar 19 2019,2:00 pm,Tue,33,28
Mar 19 2019,3:00 pm,Tue,28,21
Mar 19 2019,4:00 pm,Tue,31,26
Mar 19 2019,5:00 pm,Tue,36,24
Mar 19 2019,6:00 pm,Tue,40,25
Mar 19 2019,7:00 pm,Tue,36,27
Mar 19 2019,8:00 pm,Tue,26,35
Mar 19 2019,9:00 pm,Tue,30,27
Mar 19 2019,10:00 pm,Tue,36,20
Mar 19 2019,11:00 pm,Tue,26,14
Mar 20 2019,8:00 am,Wed,13,38
Mar 20 2019,9:00 am,Wed,17,30
Mar 20 2019,10:00 am,Wed,15,32
Mar 20 2019,11:00 am,Wed,26,17
Mar 20 2019,12:00 pm,Wed,30,19
Mar 20 2019,1:00 pm,Wed,27,39
Mar 20 2019,2:00 pm,Wed,34,26
Mar 20 2019,3:00 pm,Wed,25,23
Mar 20 2019,4:00 pm,Wed,33,27
Mar 20 2019,5:00 pm,Wed,37,27
Mar 20 2019,6:00 pm,Wed,33,22
Mar 20 2019,7:00 pm,Wed,37,26
Mar 20 2019,8:00 pm,Wed,23,33
Mar 20 2019,9:00 pm,Wed,26,25
Mar 20 2019,10:00 pm,Wed,33,18
Mar 20 2019,11:00 pm,Wed,20,14
Mar 25 2019,8:00 am,Mon,16,31
Mar 25 2019,9:00 am,Mon,16,32
Mar 25 2019,10:00 am,Mon,14,33
Mar 25 2019,11:00 am,Mon,32,16
Mar 25 2019,12:00 pm,Mon,21,17
Mar 25 2019,1:00 pm,Mon,28,30
Mar 25 2019,2:00 pm,Mon,30,26
Mar 25 2019,3:00 pm,Mon,21,24
Mar 25 2019,4:00 pm,Mon,33,27
Mar 25 2019,5:00 pm,Mon,36,24
Mar 25 2019,6:00 pm,Mon,36,23
Mar 25 2019,7:00 pm,Mon,30,25
Mar 25 2019,8:00 pm,Mon,20,33
Mar 25 2019,9:00 pm,Mon,17,23
Mar 25 2019,10:00 pm,Mon,25,19
Mar 25 2019,11:00 pm,Mon,31,11
Mar 26 2019,8:00 am,Tue,17,33
Mar 26 2019,9:00 am,Tue,12,30
Mar 26 2019,10:00 am,Tue,15,33
Mar 26 2019,11:00 am,Tue,30,13
Mar 26 2019,12:00 pm,Tue,27,19
Mar 26 2019,1:00 pm,Tue,29,31
Mar 26 2019,2:00 pm,Tue,32,23
Mar 26 2019,3:00 pm,Tue,22,30
Mar 26 2019,4:00 pm,Tue,28,25
Mar 26 2019,5:00 pm,Tue,33,23
Mar 26 2019,6:00 pm,Tue,28,22
Mar 26 2019,7:00 pm,Tue,31,24
Mar 26 2019,8:00 pm,Tue,32,32
Mar 26 2019,9:00 pm,Tue,16,24
Mar 26 2019,10:00 pm,Tue,33,20
Mar 26 2019,11:00 pm,Tue,20,13
Mar 28 2019,8:00 am,Thu,13,37
Mar 28 2019,9:00 am,Thu,16,30
Mar 28 2019,10:00 am,Thu,14,34
Mar 28 2019,11:00 am,Thu,27,20
Mar 28 2019,12:00 pm,Thu,25,22
Mar 28 2019,1:00 pm,Thu,29,30
Mar 28 2019,2:00 pm,Thu,32,23
Mar 28 2019,3:00 pm,Thu,24,26
Mar 28 2019,4:00 pm,Thu,35,29
Mar 28 2019,5:00 pm,Thu,37,23
Mar 28 2019,6:00 pm,Thu,33,22
Mar 28 2019,7:00 pm,Thu,30,23
Mar 28 2019,8:00 pm,Thu,25,33
Mar 28 2019,9:00 pm,Thu,27,22
Mar 28 2019,10:00 pm,Thu,37,19
Mar 28 2019,11:00 pm,Thu,21,15
Mar 29 2019,8:00 am,Fri,11,37
Mar 29 2019,9:00 am,Fri,16,30
Mar 29 2019,10:00 am,Fri,16,30
Mar 29 2019,11:00 am,Fri,26,18
Mar 29 2019,12:00 pm,Fri,26,23
Mar 29 2019,1:00 pm,Fri,27,28
Mar 29 2019,2:00 pm,Fri,35,30
Mar 29 2019,3:00 pm,Fri,30,23
Mar 29 2019,4:00 pm,Fri,32,27
Mar 29 2019,5:00 pm,Fri,33,34
Mar 29 2019,6:00 pm,Fri,36,31
Mar 29 2019,7:00 pm,Fri,39,22
Mar 29 2019,8:00 pm,Fri,23,33
Mar 29 2019,9:00 pm,Fri,27,22
Mar 29 2019,10:00 pm,Fri,37,24
Mar 29 2019,11:00 pm,Fri,27,17
Mar 30 2019,8:00 am,Sat,15,34
Mar 30 2019,9:00 am,Sat,17,32
Mar 30 2019,10:00 am,Sat,18,33
Mar 30 2019,11:00 am,Sat,30,17
Mar 30 2019,12:00 pm,Sat,28,22
Mar 30 2019,1:00 pm,Sat,23,31
Mar 30 2019,2:00 pm,Sat,37,24
Mar 30 2019,3:00 pm,Sat,22,24
Mar 30 2019,4:00 pm,Sat,37,28
Mar 30 2019,5:00 pm,Sat,34,25
Mar 30 2019,6:00 pm,Sat,35,23
Mar 30 2019,7:00 pm,Sat,28,21
Mar 30 2019,8:00 pm,Sat,23,34
Mar 30 2019,9:00 pm,Sat,25,20
Mar 30 2019,10:00 pm,Sat,32,20
Mar 30 2019,11:00 pm,Sat,22,15
Mar 31 2019,8:00 am,Sun,15,34
Mar 31 2019,9:00 am,Sun,17,32
Mar 31 2019,10:00 am,Sun,18,33
Mar 31 2019,11:00 am,Sun,30,17
Mar 31 2019,12:00 pm,Sun,23,22
Mar 31 2019,1:00 pm,Sun,26,30
Mar 31 2019,2:00 pm,Sun,32,23
Mar 31 2019,3:00 pm,Sun,26,23
Mar 31 2019,4:00 pm,Sun,40,28
Mar 31 2019,5:00 pm,Sun,34,28
Mar 31 2019,6:00 pm,Sun,41,29
Mar 31 2019,7:00 pm,Sun,32,27
Mar 31 2019,8:00 pm,Sun,30,36
Mar 31 2019,9:00 pm,Sun,31,23
Mar 31 2019,10:00 pm,Sun,36,20
Mar 31 2019,11:00 pm,Sun,25,13
Mar 5 2019,8:00 am,Tue,19,37
Mar 5 2019,9:00 am,Tue,16,29
Mar 5 2019,10:00 am,Tue,13,36
Mar 5 2019,11:00 am,Tue,31,17
Mar 5 2019,12:00 pm,Tue,29,20
Mar 5 2019,1:00 pm,Tue,33,31
Mar 5 2019,2:00 pm,Tue,34,27
Mar 5 2019,3:00 pm,Tue,28,30
Mar 5 2019,4:00 pm,Tue,26,27
Mar 5 2019,5:00 pm,Tue,35,26
Mar 5 2019,6:00 pm,Tue,31,22
Mar 5 2019,7:00 pm,Tue,30,23
Mar 5 2019,8:00 pm,Tue,25,35
Mar 5 2019,9:00 pm,Tue,30,20
Mar 5 2019,10:00 pm,Tue,35,20
Mar 5 2019,11:00 pm,Tue,26,14
Mar 6 2019,8:00 am,Wed,14,39
Mar 6 2019,9:00 am,Wed,17,36
Mar 6 2019,10:00 am,Wed,15,34
Mar 6 2019,11:00 am,Wed,27,17
Mar 6 2019,12:00 pm,Wed,28,19
Mar 6 2019,1:00 pm,Wed,31,29
Mar 6 2019,2:00 pm,Wed,35,27
Mar 6 2019,3:00 pm,Wed,22,25
Mar 6 2019,4:00 pm,Wed,33,33
Mar 6 2019,5:00 pm,Wed,35,27
Mar 6 2019,6:00 pm,Wed,44,25
Mar 6 2019,7:00 pm,Wed,35,28
Mar 6 2019,8:00 pm,Wed,29,37
Mar 6 2019,9:00 pm,Wed,28,32
Mar 6 2019,10:00 pm,Wed,36,23
Mar 6 2019,11:00 pm,Wed,25,13
Mar 7 2019,8:00 am,Thu,19,39
Mar 7 2019,9:00 am,Thu,16,33
Mar 7 2019,10:00 am,Thu,12,33
Mar 7 2019,11:00 am,Thu,30,18
Mar 7 2019,12:00 pm,Thu,28,20
Mar 7 2019,1:00 pm,Thu,30,34
Mar 7 2019,2:00 pm,Thu,31,27
Mar 7 2019,3:00 pm,Thu,22,25
Mar 7 2019,4:00 pm,Thu,29,29
Mar 7 2019,5:00 pm,Thu,41,23
Mar 7 2019,6:00 pm,Thu,40,22
Mar 7 2019,7:00 pm,Thu,34,27
Mar 7 2019,8:00 pm,Thu,29,39
Mar 7 2019,9:00 pm,Thu,24,26
Mar 7 2019,10:00 pm,Thu,34,23
Mar 7 2019,11:00 pm,Thu,23,17
Mar 8 2019,8:00 am,Fri,18,41
Mar 8 2019,9:00 am,Fri,16,33
Mar 8 2019,10:00 am,Fri,21,33
Mar 8 2019,11:00 am,Fri,32,21
Mar 8 2019,12:00 pm,Fri,30,25
Mar 8 2019,1:00 pm,Fri,32,32
Mar 8 2019,2:00 pm,Fri,34,33
Mar 8 2019,3:00 pm,Fri,26,25
Mar 8 2019,4:00 pm,Fri,35,32
Mar 8 2019,5:00 pm,Fri,33,27
Mar 8 2019,6:00 pm,Fri,44,32
Mar 8 2019,7:00 pm,Fri,35,31
Mar 8 2019,8:00 pm,Fri,26,37
Mar 8 2019,9:00 pm,Fri,29,31
Mar 8 2019,10:00 pm,Fri,38,26
Mar 8 2019,11:00 pm,Fri,22,18
Mar 9 2019,8:00 am,Sat,15,36
Mar 9 2019,9:00 am,Sat,18,34
Mar 9 2019,10:00 am,Sat,17,35
Mar 9 2019,11:00 am,Sat,31,20
Mar 9 2019,12:00 pm,Sat,27,21
Mar 9 2019,1:00 pm,Sat,26,33
Mar 9 2019,2:00 pm,Sat,35,25
Mar 9 2019,3:00 pm,Sat,24,26
Mar 9 2019,4:00 pm,Sat,31,30
Mar 9 2019,5:00 pm,Sat,38,25
Mar 9 2019,6:00 pm,Sat,32,23
Mar 9 2019,7:00 pm,Sat,30,22
Mar 9 2019,8:00 pm,Sat,25,22
Mar 9 2019,9:00 pm,Sat,29,22
Mar 9 2019,10:00 pm,Sat,20,16
Mar 9 2019,11:00 pm,Sat,16,25
May 1 2019,8:00 am,Wed,12,33
May 1 2019,9:00 am,Wed,17,30
May 1 2019,10:00 am,Wed,15,28
May 1 2019,11:00 am,Wed,24,22
May 1 2019,12:00 pm,Wed,29,19
May 1 2019,1:00 pm,Wed,30,30
May 1 2019,2:00 pm,Wed,24,27
May 1 2019,3:00 pm,Wed,25,21
May 1 2019,4:00 pm,Wed,30,29
May 1 2019,5:00 pm,Wed,29,28
May 1 2019,6:00 pm,Wed,35,19
May 1 2019,7:00 pm,Wed,27,23
May 1 2019,8:00 pm,Wed,26,29
May 1 2019,9:00 pm,Wed,20,20
May 1 2019,10:00 pm,Wed,35,20
May 1 2019,11:00 pm,Wed,25,19
May 11 2019,8:00 am,Sat,18,38
May 11 2019,9:00 am,Sat,16,31
May 11 2019,10:00 am,Sat,21,32
May 11 2019,11:00 am,Sat,29,21
May 11 2019,12:00 pm,Sat,27,25
May 11 2019,1:00 pm,Sat,25,29
May 11 2019,2:00 pm,Sat,25,22
May 11 2019,3:00 pm,Sat,24,22
May 11 2019,4:00 pm,Sat,38,23
May 11 2019,5:00 pm,Sat,30,24
May 11 2019,6:00 pm,Sat,32,24
May 11 2019,7:00 pm,Sat,25,19
May 11 2019,8:00 pm,Sat,33,31
May 11 2019,9:00 pm,Sat,25,24
May 11 2019,10:00 pm,Sat,30,22
May 11 2019,11:00 pm,Sat,25,22
May 12 2019,8:00 am,Sun,14,39
May 12 2019,9:00 am,Sun,13,28
May 12 2019,10:00 am,Sun,20,32
May 12 2019,11:00 am,Sun,28,22
May 12 2019,12:00 pm,Sun,24,26
May 12 2019,1:00 pm,Sun,30,31
May 12 2019,2:00 pm,Sun,26,27
May 12 2019,3:00 pm,Sun,25,22
May 12 2019,4:00 pm,Sun,41,26
May 12 2019,5:00 pm,Sun,26,27
May 12 2019,6:00 pm,Sun,38,27
May 12 2019,7:00 pm,Sun,29,26
May 12 2019,8:00 pm,Sun,29,30
May 12 2019,9:00 pm,Sun,25,23
May 12 2019,10:00 pm,Sun,34,20
May 12 2019,11:00 pm,Sun,27,23
May 13 2019,8:00 am,Mon,16,33
May 13 2019,9:00 am,Mon,12,27
May 13 2019,10:00 am,Mon,15,31
May 13 2019,11:00 am,Mon,22,20
May 13 2019,12:00 pm,Mon,25,22
May 13 2019,1:00 pm,Mon,27,27
May 13 2019,2:00 pm,Mon,30,24
May 13 2019,3:00 pm,Mon,18,22
May 13 2019,4:00 pm,Mon,35,25
May 13 2019,5:00 pm,Mon,34,29
May 13 2019,6:00 pm,Mon,32,18
May 13 2019,7:00 pm,Mon,30,23
May 13 2019,8:00 pm,Mon,25,32
May 13 2019,9:00 pm,Mon,24,25
May 13 2019,10:00 pm,Mon,37,20
May 13 2019,11:00 pm,Mon,25,21
May 16 2019,8:00 am,Thu,16,40
May 16 2019,9:00 am,Thu,13,31
May 16 2019,10:00 am,Thu,15,32
May 16 2019,11:00 am,Thu,28,21
May 16 2019,12:00 pm,Thu,20,24
May 16 2019,1:00 pm,Thu,30,29
May 16 2019,2:00 pm,Thu,28,25
May 16 2019,3:00 pm,Thu,26,20
May 16 2019,4:00 pm,Thu,36,24
May 16 2019,5:00 pm,Thu,28,25
May 16 2019,6:00 pm,Thu,37,25
May 16 2019,7:00 pm,Thu,28,21
May 16 2019,8:00 pm,Thu,31,30
May 16 2019,9:00 pm,Thu,22,25
May 16 2019,10:00 pm,Thu,35,24
May 16 2019,11:00 pm,Thu,23,23
May 17 2019,8:00 am,Fri,11,43
May 17 2019,9:00 am,Fri,13,29
May 17 2019,10:00 am,Fri,20,31
May 17 2019,11:00 am,Fri,27,21
May 17 2019,12:00 pm,Fri,32,23
May 17 2019,1:00 pm,Fri,30,31
May 17 2019,2:00 pm,Fri,25,23
May 17 2019,3:00 pm,Fri,32,26
May 17 2019,4:00 pm,Fri,33,27
May 17 2019,5:00 pm,Fri,33,31
May 17 2019,6:00 pm,Fri,37,27
May 17 2019,7:00 pm,Fri,29,24
May 17 2019,8:00 pm,Fri,32,32
May 17 2019,9:00 pm,Fri,22,20
May 17 2019,10:00 pm,Fri,39,23
May 17 2019,11:00 pm,Fri,27,25
May 18 2019,8:00 am,Sat,11,36
May 18 2019,9:00 am,Sat,17,32
May 18 2019,10:00 am,Sat,11,33
May 18 2019,11:00 am,Sat,31,18
May 18 2019,12:00 pm,Sat,27,18
May 18 2019,1:00 pm,Sat,30,31
May 18 2019,2:00 pm,Sat,31,24
May 18 2019,3:00 pm,Sat,24,21
May 18 2019,4:00 pm,Sat,35,24
May 18 2019,5:00 pm,Sat,30,24
May 18 2019,6:00 pm,Sat,32,24
May 18 2019,7:00 pm,Sat,24,18
May 18 2019,8:00 pm,Sat,30,31
May 18 2019,9:00 pm,Sat,26,24
May 18 2019,10:00 pm,Sat,32,23
May 18 2019,11:00 pm,Sat,24,22
May 19 2019,8:00 am,Sun,14,38
May 19 2019,9:00 am,Sun,15,27
May 19 2019,10:00 am,Sun,17,30
May 19 2019,11:00 am,Sun,27,24
May 19 2019,12:00 pm,Sun,24,26
May 19 2019,1:00 pm,Sun,30,30
May 19 2019,2:00 pm,Sun,24,26
May 19 2019,3:00 pm,Sun,25,21
May 19 2019,4:00 pm,Sun,43,26
May 19 2019,5:00 pm,Sun,32,28
May 19 2019,6:00 pm,Sun,38,26
May 19 2019,7:00 pm,Sun,29,25
May 19 2019,8:00 pm,Sun,28,31
May 19 2019,9:00 pm,Sun,24,21
May 19 2019,10:00 pm,Sun,34,24
May 19 2019,11:00 pm,Sun,27,22
May 2 2019,8:00 am,Thu,18,41
May 2 2019,9:00 am,Thu,16,33
May 2 2019,10:00 am,Thu,21,33
May 2 2019,11:00 am,Thu,32,21
May 2 2019,12:00 pm,Thu,30,25
May 2 2019,1:00 pm,Thu,32,32
May 2 2019,2:00 pm,Thu,35,33
May 2 2019,3:00 pm,Thu,26,25
May 2 2019,4:00 pm,Thu,39,28
May 2 2019,5:00 pm,Thu,30,29
May 2 2019,6:00 pm,Thu,33,23
May 2 2019,7:00 pm,Thu,22,20
May 2 2019,8:00 pm,Thu,28,26
May 2 2019,9:00 pm,Thu,29,22
May 2 2019,10:00 pm,Thu,31,25
May 2 2019,11:00 pm,Thu,19,23
May 20 2019,8:00 am,Mon,16,38
May 20 2019,9:00 am,Mon,12,27
May 20 2019,10:00 am,Mon,18,31
May 20 2019,11:00 am,Mon,28,20
May 20 2019,12:00 pm,Mon,23,24
May 20 2019,1:00 pm,Mon,28,31
May 20 2019,2:00 pm,Mon,31,31
May 20 2019,3:00 pm,Mon,26,23
May 20 2019,4:00 pm,Mon,41,26
May 20 2019,5:00 pm,Mon,28,26
May 20 2019,6:00 pm,Mon,34,19
May 20 2019,7:00 pm,Mon,28,24
May 20 2019,8:00 pm,Mon,26,29
May 20 2019,9:00 pm,Mon,24,24
May 20 2019,10:00 pm,Mon,38,19
May 20 2019,11:00 pm,Mon,23,18
May 24 2019,8:00 am,Fri,14,45
May 24 2019,9:00 am,Fri,14,28
May 24 2019,10:00 am,Fri,18,30
May 24 2019,11:00 am,Fri,28,21
May 24 2019,12:00 pm,Fri,27,23
May 24 2019,1:00 pm,Fri,31,30
May 24 2019,2:00 pm,Fri,26,22
May 24 2019,3:00 pm,Fri,26,23
May 24 2019,4:00 pm,Fri,34,28
May 24 2019,5:00 pm,Fri,31,29
May 24 2019,6:00 pm,Fri,37,26
May 24 2019,7:00 pm,Fri,29,25
May 24 2019,8:00 pm,Fri,31,31
May 24 2019,9:00 pm,Fri,22,19
May 24 2019,10:00 pm,Fri,37,24
May 24 2019,11:00 pm,Fri,29,22
May 26 2019,8:00 am,Sun,15,41
May 26 2019,9:00 am,Sun,17,27
May 26 2019,10:00 am,Sun,18,32
May 26 2019,11:00 am,Sun,29,22
May 26 2019,12:00 pm,Sun,25,26
May 26 2019,1:00 pm,Sun,32,31
May 26 2019,2:00 pm,Sun,28,28
May 26 2019,3:00 pm,Sun,25,24
May 26 2019,4:00 pm,Sun,42,26
May 26 2019,5:00 pm,Sun,27,27
May 26 2019,6:00 pm,Sun,38,27
May 26 2019,7:00 pm,Sun,31,27
May 26 2019,8:00 pm,Sun,30,29
May 26 2019,9:00 pm,Sun,29,22
May 26 2019,10:00 pm,Sun,32,22
May 26 2019,11:00 pm,Sun,29,22
May 28 2019,8:00 am,Tue,13,35
May 28 2019,9:00 am,Tue,17,28
May 28 2019,10:00 am,Tue,14,31
May 28 2019,11:00 am,Tue,29,21
May 28 2019,12:00 pm,Tue,23,22
May 28 2019,1:00 pm,Tue,31,29
May 28 2019,2:00 pm,Tue,26,27
May 28 2019,3:00 pm,Tue,22,24
May 28 2019,4:00 pm,Tue,30,27
May 28 2019,5:00 pm,Tue,31,23
May 28 2019,6:00 pm,Tue,30,20
May 28 2019,7:00 pm,Tue,27,24
May 28 2019,8:00 pm,Tue,32,28
May 28 2019,9:00 pm,Tue,23,26
May 28 2019,10:00 pm,Tue,32,21
May 28 2019,11:00 pm,Tue,28,20
May 3 2019,8:00 am,Fri,16,43
May 3 2019,9:00 am,Fri,15,30
May 3 2019,10:00 am,Fri,19,30
May 3 2019,11:00 am,Fri,32,23
May 3 2019,12:00 pm,Fri,26,25
May 3 2019,1:00 pm,Fri,33,30
May 3 2019,2:00 pm,Fri,26,19
May 3 2019,3:00 pm,Fri,24,26
May 3 2019,4:00 pm,Fri,29,29
May 3 2019,5:00 pm,Fri,31,29
May 3 2019,6:00 pm,Fri,38,28
May 3 2019,7:00 pm,Fri,27,27
May 3 2019,8:00 pm,Fri,31,28
May 3 2019,9:00 pm,Fri,30,23
May 3 2019,10:00 pm,Fri,36,22
May 3 2019,11:00 pm,Fri,22,22
May 30 2019,8:00 am,Thu,14,40
May 30 2019,9:00 am,Thu,15,31
May 30 2019,10:00 am,Thu,14,33
May 30 2019,11:00 am,Thu,29,19
May 30 2019,12:00 pm,Thu,22,23
May 30 2019,1:00 pm,Thu,31,29
May 30 2019,2:00 pm,Thu,28,24
May 30 2019,3:00 pm,Thu,24,19
May 30 2019,4:00 pm,Thu,33,26
May 30 2019,5:00 pm,Thu,32,23
May 30 2019,6:00 pm,Thu,33,23
May 30 2019,7:00 pm,Thu,25,22
May 30 2019,8:00 pm,Thu,36,30
May 30 2019,9:00 pm,Thu,22,24
May 30 2019,10:00 pm,Thu,35,24
May 30 2019,11:00 pm,Thu,24,21
May 4 2019,8:00 am,Sat,12,36
May 4 2019,9:00 am,Sat,15,30
May 4 2019,10:00 am,Sat,19,33
May 4 2019,11:00 am,Sat,27,21
May 4 2019,12:00 pm,Sat,27,28
May 4 2019,1:00 pm,Sat,26,33
May 4 2019,2:00 pm,Sat,32,24
May 4 2019,3:00 pm,Sat,23,22
May 4 2019,4:00 pm,Sat,37,24
May 4 2019,5:00 pm,Sat,28,22
May 4 2019,6:00 pm,Sat,39,25
May 4 2019,7:00 pm,Sat,20,20
May 4 2019,8:00 pm,Sat,30,31
May 4 2019,9:00 pm,Sat,27,25
May 4 2019,10:00 pm,Sat,36,23
May 4 2019,11:00 pm,Sat,24,22
May 5 2019,8:00 am,Sun,14,41
May 5 2019,9:00 am,Sun,14,27
May 5 2019,10:00 am,Sun,20,31
May 5 2019,11:00 am,Sun,27,22
May 5 2019,12:00 pm,Sun,26,26
May 5 2019,1:00 pm,Sun,30,31
May 5 2019,2:00 pm,Sun,28,28
May 5 2019,3:00 pm,Sun,24,25
May 5 2019,4:00 pm,Sun,37,26
May 5 2019,5:00 pm,Sun,25,27
May 5 2019,6:00 pm,Sun,44,28
May 5 2019,7:00 pm,Sun,28,26
May 5 2019,8:00 pm,Sun,26,33
May 5 2019,9:00 pm,Sun,23,22
May 5 2019,10:00 pm,Sun,38,23
May 5 2019,11:00 pm,Sun,28,23
May 6 2019,8:00 am,Mon,17,38
May 6 2019,9:00 am,Mon,12,28
May 6 2019,10:00 am,Mon,16,31
May 6 2019,11:00 am,Mon,30,29
May 6 2019,12:00 pm,Mon,24,24
May 6 2019,1:00 pm,Mon,26,29
May 6 2019,2:00 pm,Mon,29,23
May 6 2019,3:00 pm,Mon,24,20
May 6 2019,4:00 pm,Mon,35,25
May 6 2019,5:00 pm,Mon,32,28
May 6 2019,6:00 pm,Mon,34,20
May 6 2019,7:00 pm,Mon,30,24
May 6 2019,8:00 pm,Mon,26,30
May 6 2019,9:00 pm,Mon,25,23
May 6 2019,10:00 pm,Mon,38,20
May 6 2019,11:00 pm,Mon,26,20
May 7 2019,8:00 am,Tue,16,33
May 7 2019,9:00 am,Tue,12,27
May 7 2019,10:00 am,Tue,15,31
May 7 2019,11:00 am,Tue,22,20
May 7 2019,12:00 pm,Tue,25,22
May 7 2019,1:00 pm,Tue,27,27
May 7 2019,2:00 pm,Tue,30,24
May 7 2019,3:00 pm,Tue,18,22
May 7 2019,4:00 pm,Tue,35,28
May 7 2019,5:00 pm,Tue,26,24
May 7 2019,6:00 pm,Tue,27,20
May 7 2019,7:00 pm,Tue,28,25
May 7 2019,8:00 pm,Tue,31,29
May 7 2019,9:00 pm,Tue,24,25
May 7 2019,10:00 pm,Tue,35,21
May 7 2019,11:00 pm,Tue,25,20
May 8 2019,8:00 am,Wed,15,40
May 8 2019,9:00 am,Wed,14,32
May 8 2019,10:00 am,Wed,16,31
May 8 2019,11:00 am,Wed,26,18
May 8 2019,12:00 pm,Wed,33,23
May 8 2019,1:00 pm,Wed,26,29
May 8 2019,2:00 pm,Wed,27,25
May 8 2019,3:00 pm,Wed,25,21
May 8 2019,4:00 pm,Wed,34,28
May 8 2019,5:00 pm,Wed,29,27
May 8 2019,6:00 pm,Wed,38,19
May 8 2019,7:00 pm,Wed,25,24
May 8 2019,8:00 pm,Wed,27,27
May 8 2019,9:00 pm,Wed,23,23
May 8 2019,10:00 pm,Wed,35,20
May 8 2019,11:00 pm,Wed,19,22
May 9 2019,8:00 am,Thu,14,38
May 9 2019,9:00 am,Thu,15,28
May 9 2019,10:00 am,Thu,15,35
May 9 2019,11:00 am,Thu,29,22
May 9 2019,12:00 pm,Thu,27,24
May 9 2019,1:00 pm,Thu,26,31
May 9 2019,2:00 pm,Thu,30,25
May 9 2019,3:00 pm,Thu,21,19
May 9 2019,4:00 pm,Thu,38,25
May 9 2019,5:00 pm,Thu,28,25
May 9 2019,6:00 pm,Thu,37,24
May 9 2019,7:00 pm,Thu,28,21
May 9 2019,8:00 pm,Thu,32,30
May 9 2019,9:00 pm,Thu,22,24
May 9 2019,10:00 pm,Thu,35,24
May 9 2019,11:00 pm,Thu,22,21
